{"23": {"freq": 939.6, "dev": 1199.5126953125, "pwr": 1053331.188046875}, "29": {"freq": 940.8, "dev": 844.2197265625, "pwr": 1403662.628828125}}